source_folder,source_image,target_image,classification,reviewed_matches_dirname,notes
3601-000330-0,3601-000330-0.jpg,North China Magazine 1940-1-12_Page_508_(2).jpg,Positive,Matches,
3601-000330-0,3601-000330-0.jpg,North China Magazine 1940-1-12_Page_509_(1).jpg,Positive,Matches,
3601-000454-0_(1),3601-000454-0_(1).jpg,North China Magazine 1942-1-12_Page_085_(1).jpg,Positive,Matches,
3601-000454-0_(3),3601-000454-0_(3).jpg,North China Magazine 1941-1-12_Page_228.jpg,Negative,Matches,
3601-000455-0_(1),3601-000455-0_(1).jpg,North China Magazine 1942-1-12_Page_085_(1).jpg,Positive,Matches,
3601-000455-0_(3),3601-000455-0_(3).jpg,North China Magazine 1941-1-12_Page_228.jpg,Negative,Matches,
3601-000463-0_(2),3601-000463-0_(2).jpg,North China Magazine 1942-1-12_Page_131.jpg,Negative,Matches,
3601-000478-0_(1),3601-000478-0_(1).jpg,North China Magazine 1942-1-12_Page_085_(1).jpg,Positive,Matches,
3601-000478-0_(3),3601-000478-0_(3).jpg,North China Magazine 1941-1-12_Page_228.jpg,Negative,Matches,
3601-000479-0_(2),3601-000479-0_(2).jpg,North China Magazine 1942-1-12_Page_131.jpg,Negative,Matches,
3601-000503-0_(1),3601-000503-0_(1).jpg,North China Magazine 1939-6-12_Page_005_(2).jpg,Positive,Matches,
3601-000504-1_(1),3601-000504-1_(1).jpg,North China Magazine 1939-6-12_Page_007_(4).jpg,Negative,Matches,
3601-000504-1_(2),3601-000504-1_(2).jpg,North China Magazine 1939-6-12_Page_007_(4).jpg,Negative,Matches,
3601-000504-1_(3),3601-000504-1_(3).jpg,North China Magazine 1939-6-12_Page_007_(4).jpg,Negative,Matches,
3601-000506-0_(1),3601-000506-0_(1).jpg,North China Magazine 1941-1-12_Page_224.jpg,Positive,Matches,
3601-000506-0_(2),3601-000506-0_(2).jpg,North China Magazine 1941-1-12_Page_224.jpg,Negative,Matches,
3601-000507-0_(1),3601-000507-0_(1).jpg,North China Magazine 1941-1-12_Page_224.jpg,Negative,Matches,
3601-000507-0_(2),3601-000507-0_(2).jpg,North China Magazine 1941-1-12_Page_224.jpg,Negative,Matches,
3601-000514-0_(2),3601-000514-0_(2).jpg,North China Magazine 1939-6-12_Page_006_(2).jpg,Positive,Matches,
3601-000521-0_(2),3601-000521-0_(2).jpg,North China Magazine 1939-6-12_Page_006_(2).jpg,Positive,Matches,
3601-000524-0_(2),3601-000524-0_(2).jpg,North China Magazine 1939-6-12_Page_006_(2).jpg,Positive,Matches,
3601-000594-0,3601-000594-0.jpg,North China Magazine 1940-1-12_Page_597_(1).jpg,Positive,Matches,
3601-000596-0,3601-000596-0.jpg,North China Magazine 1939-6-12_Page_007_(4).jpg,Negative,Matches,
3601-000637-0_(1),3601-000637-0_(1).jpg,North China Magazine 1939-6-12_Page_005_(2).jpg,Positive,Matches,
3601-000640-1_(1),3601-000640-1_(1).jpg,North China Magazine 1939-6-12_Page_007_(4).jpg,Negative,Matches,
3601-000640-1_(2),3601-000640-1_(2).jpg,North China Magazine 1939-6-12_Page_007_(4).jpg,Negative,Matches,
3601-000640-1_(3),3601-000640-1_(3).jpg,North China Magazine 1939-6-12_Page_007_(4).jpg,Negative,Matches,
3601-000642-1_(1),3601-000642-1_(1).jpg,North China Magazine 1939-6-12_Page_007_(4).jpg,Negative,Matches,
3601-000642-1_(3),3601-000642-1_(3).jpg,North China Magazine 1939-6-12_Page_007_(4).jpg,Negative,Matches,
3601-000645-1_(3),3601-000645-1_(3).jpg,North China Magazine 1940-1-12_Page_329_(2).jpg,Negative,Matches,
3601-000647-1_(1),3601-000647-1_(1).jpg,North China Magazine 1940-1-12_Page_329_(2).jpg,Positive,Matches,
3601-000648-0_(1),3601-000648-0_(1).jpg,North China Magazine 1939-6-12_Page_005_(2).jpg,Positive,Matches,
3601-000649-0_(1),3601-000649-0_(1).jpg,North China Magazine 1939-6-12_Page_006_(4).jpg,Positive,Matches,
3601-000649-0_(1),3601-000649-0_(1).jpg,North China Magazine 1940-1-12_Page_328_(2).jpg,Positive,Matches,
3601-000654-1_(1),3601-000654-1_(1).jpg,North China Magazine 1940-1-12_Page_329_(2).jpg,Positive,Matches,
3601-000685-0_(1),3601-000685-0_(1).jpg,North China Magazine 1939-6-12_Page_006_(4).jpg,Positive,Matches,
3601-000685-0_(1),3601-000685-0_(1).jpg,North China Magazine 1940-1-12_Page_328_(2).jpg,Positive,Matches,
3601-000839-0_(2),3601-000839-0_(2).jpg,North China Magazine 1940-1-12_Page_111.jpg,Negative,Matches,
3601-000839-0_(2),3601-000839-0_(2).jpg,North China Magazine 1941-1-12_Page_493.jpg,Negative,Matches,
3601-000839-0_(2),3601-000839-0_(2).jpg,North China Magazine 1942-1-12_Page_001.jpg,Negative,Matches,
3601-000839-0_(2),3601-000839-0_(2).jpg,North China Magazine 1942-1-12_Page_129_(2).jpg,Negative,Matches,
3601-000839-0_(2),3601-000839-0_(2).jpg,North China Magazine 1942-1-12_Page_223.jpg,Negative,Matches,
3601-000843-0_(2),3601-000843-0_(2).jpg,North China Magazine 1940-1-12_Page_111.jpg,Negative,Matches,
3601-000843-0_(2),3601-000843-0_(2).jpg,North China Magazine 1941-1-12_Page_493.jpg,Negative,Matches,
3601-000843-0_(2),3601-000843-0_(2).jpg,North China Magazine 1942-1-12_Page_001.jpg,Negative,Matches,
3601-000843-0_(2),3601-000843-0_(2).jpg,North China Magazine 1942-1-12_Page_129_(2).jpg,Negative,Matches,
3601-000843-0_(2),3601-000843-0_(2).jpg,North China Magazine 1942-1-12_Page_223.jpg,Negative,Matches,
3601-000901-0,3601-000901-0.jpg,North China Magazine 1939-6-12_Page_025.jpg,Negative,Matches,
3601-000902-0,3601-000902-0.jpg,North China Magazine 1939-6-12_Page_025.jpg,Negative,Matches,
3601-001004-0_(3),3601-001004-0_(3).jpg,North China Magazine 1940-1-12_Page_290_(1).jpg,Positive,Matches,
3601-001011-1_(2),3601-001011-1_(2).jpg,North China Magazine 1941-1-12_Page_079_(1).jpg,Positive,Matches,
3601-001011-1_(2),3601-001011-1_(2).jpg,North China Magazine 1943-1-8_Page_211_(2).jpg,Positive,Matches,
3601-001011-1_(3),3601-001011-1_(3).jpg,North China Magazine 1941-1-12_Page_079_(1).jpg,Positive,Matches,
3601-001011-1_(3),3601-001011-1_(3).jpg,North China Magazine 1943-1-8_Page_211_(2).jpg,Positive,Matches,
3601-001025-0,3601-001025-0.jpg,North China Magazine 1941-1-12_Page_168.jpg,Positive,Matches,
3601-001028-0_(2),3601-001028-0_(2).jpg,North China Magazine 1940-1-12_Page_290_(1).jpg,Positive,Matches,
3601-001030-0,3601-001030-0.jpg,North China Magazine 1940-1-12_Page_290_(1).jpg,Negative,Matches,
3601-001044-0,3601-001044-0.jpg,North China Magazine 1940-1-12_Page_290_(1).jpg,Negative,Matches,
3601-001057-0_(2),3601-001057-0_(2).jpg,North China Magazine 1940-1-12_Page_290_(1).jpg,Positive,Matches,
3601-001058-1_(1),3601-001058-1_(1).jpg,North China Magazine 1941-1-12_Page_079_(1).jpg,Positive,Matches,
3601-001058-1_(1),3601-001058-1_(1).jpg,North China Magazine 1943-1-8_Page_211_(2).jpg,Positive,Matches,
3601-001058-3,3601-001058-3.jpg,North China Magazine 1941-1-12_Page_079_(1).jpg,Positive,Matches,
3601-001058-3,3601-001058-3.jpg,North China Magazine 1943-1-8_Page_211_(2).jpg,Positive,Matches,
3601-001058-4,3601-001058-4.jpg,North China Magazine 1941-1-12_Page_079_(1).jpg,Positive,Matches,
3601-001058-4,3601-001058-4.jpg,North China Magazine 1943-1-8_Page_211_(2).jpg,Positive,Matches,
3601-001060-0,3601-001060-0.jpg,North China Magazine 1940-1-12_Page_290_(1).jpg,Negative,Matches,
3601-001067-0,3601-001067-0.jpg,North China Magazine 1939-6-12_Page_160_(3).jpg,Negative,Matches,
3601-001068-0,3601-001068-0.jpg,North China Magazine 1939-6-12_Page_161_(3).jpg,Positive,Matches,
3601-001078-0,3601-001078-0.jpg,North China Magazine 1939-6-12_Page_160_(3).jpg,Negative,Matches,
3601-001079-0,3601-001079-0.jpg,North China Magazine 1939-6-12_Page_165_(2).jpg,Negative,Matches,
3601-001080-0,3601-001080-0.jpg,North China Magazine 1939-6-12_Page_165_(2).jpg,Positive,Matches,
3601-001085-2_(1),3601-001085-2_(1).jpg,North China Magazine 1941-1-12_Page_226.jpg,Negative,Matches,
3601-001085-2_(2),3601-001085-2_(2).jpg,North China Magazine 1941-1-12_Page_226.jpg,Negative,Matches,
3601-001085-2_(3),3601-001085-2_(3).jpg,North China Magazine 1941-1-12_Page_226.jpg,Negative,Matches,
3601-001086-1_(1),3601-001086-1_(1).jpg,North China Magazine 1941-1-12_Page_226.jpg,Negative,Matches,
3601-001086-1_(2),3601-001086-1_(2).jpg,North China Magazine 1941-1-12_Page_226.jpg,Negative,Matches,
3601-001086-1_(3),3601-001086-1_(3).jpg,North China Magazine 1941-1-12_Page_226.jpg,Negative,Matches,
3601-001087-2_(1),3601-001087-2_(1).jpg,North China Magazine 1941-1-12_Page_226.jpg,Negative,Matches,
3601-001087-2_(2),3601-001087-2_(2).jpg,North China Magazine 1941-1-12_Page_226.jpg,Negative,Matches,
3601-001087-2_(3),3601-001087-2_(3).jpg,North China Magazine 1941-1-12_Page_226.jpg,Negative,Matches,
3601-001125-0,3601-001125-0.jpg,North China Magazine 1942-1-12_Page_131.jpg,Positive,Matches,
3601-001139-0,3601-001139-0.jpg,North China Magazine 1943-1-8_Page_018.jpg,Negative,Matches,
3601-001195-0,3601-001195-0.jpg,North China Magazine 1941-1-12_Page_115.jpg,Negative,Matches,
3601-001214-1,3601-001214-1.jpg,North China Magazine 1941-1-12_Page_108.jpg,Positive,Matches,
3601-001235-0,3601-001235-0.jpg,North China Magazine 1940-1-12_Page_139_(4).jpg,Positive,Matches,
3601-001324-0,3601-001324-0.jpg,North China Magazine 1939-6-12_Page_114.jpg,Positive,Matches,
3601-001329-0,3601-001329-0.jpg,North China Magazine 1939-6-12_Page_114.jpg,Negative,Matches,
3601-001354-0,3601-001354-0.jpg,North China Magazine 1942-1-12_Page_243_(2).jpg,Positive,Matches,
3601-001370-0,3601-001370-0.jpg,North China Magazine 1940-1-12_Page_139_(6).jpg,Positive,Matches,
3601-001403-0,3601-001403-0.jpg,North China Magazine 1941-1-12_Page_514.jpg,Negative,Matches,
3601-001405-0,3601-001405-0.jpg,North China Magazine 1940-1-12_Page_441_(5).jpg,Negative,Matches,
3601-001407-0,3601-001407-0.jpg,North China Magazine 1942-1-12_Page_233.jpg,Negative,Matches,
3601-001447-0,3601-001447-0.jpg,North China Magazine 1943-1-8_Page_161_(2).jpg,Positive,Matches,
3601-001449-1,3601-001449-1.jpg,North China Magazine 1939-6-12_Page_006_(4).jpg,Positive,Matches,
3601-001449-1,3601-001449-1.jpg,North China Magazine 1940-1-12_Page_328_(2).jpg,Positive,Matches,
3601-001449-2,3601-001449-2.jpg,North China Magazine 1939-6-12_Page_006_(4).jpg,Positive,Matches,
3601-001449-2,3601-001449-2.jpg,North China Magazine 1940-1-12_Page_328_(2).jpg,Positive,Matches,
3601-001478-0,3601-001478-0.jpg,North China Magazine 1940-1-12_Page_186.jpg,Negative,Matches,
3601-001490-0,3601-001490-0.jpg,North China Magazine 1941-1-12_Page_006.jpg,Negative,Matches,
3601-001608-0,3601-001608-0.jpg,North China Magazine 1940-1-12_Page_535.jpg,Negative,Matches,
3601-001609-0,3601-001609-0.jpg,North China Magazine 1940-1-12_Page_535.jpg,Negative,Matches,
3601-001626-0,3601-001626-0.jpg,North China Magazine 1940-1-12_Page_384.jpg,Positive,Matches,
3601-001640-1,3601-001640-1.jpg,North China Magazine 1942-1-12_Page_131.jpg,Negative,Matches,
3601-001640-3,3601-001640-3.jpg,North China Magazine 1942-1-12_Page_131.jpg,Negative,Matches,
3601-001681-0,3601-001681-0.jpg,North China Magazine 1940-1-12_Page_330_(3).jpg,Positive,Matches,
3601-001742-0,3601-001742-0.jpg,North China Magazine 1942-1-12_Page_232.jpg,Positive,Matches,
3601-001769-0,3601-001769-0.jpg,North China Magazine 1939-6-12_Page_161_(1).jpg,Negative,Matches,
3601-001770-0,3601-001770-0.jpg,North China Magazine 1940-1-12_Page_164.jpg,Negative,Matches,
3601-001771-0,3601-001771-0.jpg,North China Magazine 1940-1-12_Page_164.jpg,Positive,Matches,
3601-001772-0,3601-001772-0.jpg,North China Magazine 1941-1-12_Page_119.jpg,Negative,Matches,
3601-001775-0,3601-001775-0.jpg,North China Magazine 1939-6-12_Page_015_(3).jpg,Positive,Matches,
3601-001780-0,3601-001780-0.jpg,North China Magazine 1939-6-12_Page_163_(1).jpg,Negative,Matches,
3601-001798-0,3601-001798-0.jpg,North China Magazine 1942-1-12_Page_129_(1).jpg,Positive,Matches,
3601-001845-0,3601-001845-0.jpg,North China Magazine 1939-6-12_Page_163_(1).jpg,Negative,Matches,
3601-001854-0,3601-001854-0.jpg,North China Magazine 1942-1-12_Page_161.jpg,Negative,Matches,
3601-001866-0,3601-001866-0.jpg,North China Magazine 1939-6-12_Page_161_(3).jpg,Negative,Matches,
3601-001871-0,3601-001871-0.jpg,North China Magazine 1941-1-12_Page_061.jpg,Positive,Matches,
3601-001880-0,3601-001880-0.jpg,North China Magazine 1941-1-12_Page_007.jpg,Negative,Matches,
3601-001880-0,3601-001880-0.jpg,North China Magazine 1942-1-12_Page_219.jpg,Negative,Matches,
3601-001883-0,3601-001883-0.jpg,North China Magazine 1940-1-12_Page_138.jpg,Positive,Matches,
3601-001886-0,3601-001886-0.jpg,North China Magazine 1942-1-12_Page_233.jpg,Negative,Matches,
3601-001905-0,3601-001905-0.jpg,North China Magazine 1941-1-12_Page_061.jpg,Negative,Matches,
3601-001906-0,3601-001906-0.jpg,North China Magazine 1942-1-12_Page_177.jpg,Positive,Matches,
3601-001909-0,3601-001909-0.jpg,North China Magazine 1939-6-12_Page_163_(1).jpg,Negative,Matches,
3601-001912-1,3601-001912-1.jpg,North China Magazine 1941-1-12_Page_225_(4).jpg,Positive,Matches,
3601-001912-2,3601-001912-2.jpg,North China Magazine 1941-1-12_Page_225_(4).jpg,Positive,Matches,
3601-001919-0,3601-001919-0.jpg,North China Magazine 1939-6-12_Page_024_(1).jpg,Positive,Matches,
3601-001934-1,3601-001934-1.jpg,North China Magazine 1941-1-12_Page_017_(4).jpg,Positive,Matches,
3601-001939-0,3601-001939-0.jpg,North China Magazine 1942-1-12_Page_128.jpg,Negative,Matches,
3601-001967-0,3601-001967-0.jpg,North China Magazine 1941-1-12_Page_245_(2).jpg,Positive,Matches,
3601-001968-0,3601-001968-0.jpg,North China Magazine 1941-1-12_Page_245_(2).jpg,Positive,Matches,
3601-001989-0,3601-001989-0.jpg,North China Magazine 1942-1-12_Page_192_(2).jpg,Positive,Matches,
3601-002003-0,3601-002003-0.jpg,North China Magazine 1940-1-12_Page_237_(2).jpg,Negative,Matches,
3601-002003-0,3601-002003-0.jpg,North China Magazine 1941-1-12_Page_161.jpg,Negative,Matches,
3601-002003-0,3601-002003-0.jpg,North China Magazine 1942-1-12_Page_225_(1).jpg,Negative,Matches,
3601-002046-0,3601-002046-0.jpg,North China Magazine 1940-1-12_Page_236_(2).jpg,Negative,Matches,
3601-002081-0,3601-002081-0.jpg,North China Magazine 1939-6-12_Page_019.jpg,Positive,Matches,
3601-002095-0,3601-002095-0.jpg,North China Magazine 1940-1-12_Page_182_(1).jpg,Positive,Matches,
3601-002095-0,3601-002095-0.jpg,North China Magazine 1940-1-12_Page_183_(2).jpg,Positive,Matches,
3601-002105-0,3601-002105-0.jpg,North China Magazine 1940-1-12_Page_345_(2).jpg,Positive,Matches,
3601-002141-0,3601-002141-0.jpg,North China Magazine 1939-6-12_Page_015_(1).jpg,Positive,Matches,
3601-002177-0,3601-002177-0.jpg,North China Magazine 1942-1-12_Page_063_(3).jpg,Positive,Matches,
3601-002187-0,3601-002187-0.jpg,North China Magazine 1941-1-12_Page_403_(2).jpg,Negative,Matches,
3601-002269-0,3601-002269-0.jpg,North China Magazine 1939-6-12_Page_030_(3).jpg,Negative,Matches,
3601-002288-0,3601-002288-0.jpg,North China Magazine 1942-1-12_Page_236_(2).jpg,Positive,Matches,
3601-002289-0,3601-002289-0.jpg,North China Magazine 1942-1-12_Page_236_(1).jpg,Positive,Matches,
3601-002292-0,3601-002292-0.jpg,North China Magazine 1939-6-12_Page_028_(6).jpg,Negative,Matches,
3601-002295-0,3601-002295-0.jpg,North China Magazine 1939-6-12_Page_028_(6).jpg,Negative,Matches,
3601-002303-0,3601-002303-0.jpg,North China Magazine 1939-6-12_Page_028_(3).jpg,Positive,Matches,
3601-002304-0,3601-002304-0.jpg,North China Magazine 1940-1-12_Page_615_(2).jpg,Negative,Matches,
3601-002335-0,3601-002335-0.jpg,North China Magazine 1941-1-12_Page_273.jpg,Positive,Matches,
3601-002338-0,3601-002338-0.jpg,North China Magazine 1942-1-12_Page_237.jpg,Positive,Matches,
3601-002354-0_(1),3601-002354-0_(1).jpg,North China Magazine 1940-1-12_Page_615_(2).jpg,Negative,Matches,
3601-002354-0_(2),3601-002354-0_(2).jpg,North China Magazine 1940-1-12_Page_615_(2).jpg,Positive,Matches,
3601-002355-0_(1),3601-002355-0_(1).jpg,North China Magazine 1940-1-12_Page_615_(2).jpg,Negative,Matches,
3601-002355-0_(2),3601-002355-0_(2).jpg,North China Magazine 1940-1-12_Page_615_(2).jpg,Positive,Matches,
3601-002404-0_(2),3601-002404-0_(2).jpg,North China Magazine 1939-6-12_Page_109.jpg,Negative,Matches,
3601-002429-0,3601-002429-0.jpg,North China Magazine 1940-1-12_Page_510_(1).jpg,Positive,Matches,
3601-002431-0_(1),3601-002431-0_(1).jpg,North China Magazine 1939-6-12_Page_015_(1).jpg,Negative,Matches,
3601-002431-0_(2),3601-002431-0_(2).jpg,North China Magazine 1939-6-12_Page_015_(1).jpg,Negative,Matches,
3601-002431-0_(3),3601-002431-0_(3).jpg,North China Magazine 1939-6-12_Page_015_(1).jpg,Negative,Matches,
3601-002441-0,3601-002441-0.jpg,North China Magazine 1939-6-12_Page_026_(2).jpg,Positive,Matches,
3601-002446-0,3601-002446-0.jpg,North China Magazine 1940-1-12_Page_174_(2).jpg,Negative,Matches,
3601-002446-0,3601-002446-0.jpg,North China Magazine 1940-1-12_Page_175_(1).jpg,Positive,Matches,
3601-002448-0,3601-002448-0.jpg,North China Magazine 1940-1-12_Page_614_(2).jpg,Positive,Matches,
3601-002450-0,3601-002450-0.jpg,North China Magazine 1939-6-12_Page_109.jpg,Negative,Matches,
3601-002486-0,3601-002486-0.jpg,North China Magazine 1940-1-12_Page_184_(2).jpg,Positive,Matches,
3601-002486-0,3601-002486-0.jpg,North China Magazine 1940-1-12_Page_185_(3).jpg,Positive,Matches,
3601-002512-0,3601-002512-0.jpg,North China Magazine 1939-6-12_Page_015_(1).jpg,Negative,Matches,
3601-002535-0,3601-002535-0.jpg,North China Magazine 1939-6-12_Page_017_(1).jpg,Negative,Matches,
3601-002539-0,3601-002539-0.jpg,North China Magazine 1939-6-12_Page_017_(1).jpg,Positive,Matches,
3601-002540-0_(1),3601-002540-0_(1).jpg,North China Magazine 1939-6-12_Page_017_(1).jpg,Negative,Matches,
3601-002550-0_(1),3601-002550-0_(1).jpg,North China Magazine 1939-6-12_Page_005_(1).jpg,Positive,Matches,
3601-002551-1_(1),3601-002551-1_(1).jpg,North China Magazine 1939-6-12_Page_006_(3).jpg,Positive,Matches,
3601-002552-1_(1),3601-002552-1_(1).jpg,North China Magazine 1939-6-12_Page_006_(3).jpg,Positive,Matches,
3601-002553-1_(1),3601-002553-1_(1).jpg,North China Magazine 1939-6-12_Page_006_(3).jpg,Positive,Matches,
3601-002557-0,3601-002557-0.jpg,North China Magazine 1939-6-12_Page_006_(1).jpg,Positive,Matches,
3601-002564-1_(1),3601-002564-1_(1).jpg,North China Magazine 1940-1-12_Page_329_(1).jpg,Negative,Matches,
3601-002564-1_(2),3601-002564-1_(2).jpg,North China Magazine 1940-1-12_Page_329_(1).jpg,Negative,Matches,
3601-002564-1_(3),3601-002564-1_(3).jpg,North China Magazine 1940-1-12_Page_329_(1).jpg,Positive,Matches,
3601-002564-1_(4),3601-002564-1_(4).jpg,North China Magazine 1940-1-12_Page_329_(1).jpg,Positive,Matches,
3601-002565-1_(1),3601-002565-1_(1).jpg,North China Magazine 1940-1-12_Page_329_(1).jpg,Negative,Matches,
3601-002565-1_(2),3601-002565-1_(2).jpg,North China Magazine 1940-1-12_Page_329_(1).jpg,Negative,Matches,
3601-002565-1_(3),3601-002565-1_(3).jpg,North China Magazine 1940-1-12_Page_329_(1).jpg,Positive,Matches,
3601-002565-1_(4),3601-002565-1_(4).jpg,North China Magazine 1940-1-12_Page_329_(1).jpg,Positive,Matches,
3601-002566-1_(1),3601-002566-1_(1).jpg,North China Magazine 1940-1-12_Page_329_(1).jpg,Negative,Matches,
3601-002566-1_(2),3601-002566-1_(2).jpg,North China Magazine 1940-1-12_Page_329_(1).jpg,Negative,Matches,
3601-002566-1_(3),3601-002566-1_(3).jpg,North China Magazine 1940-1-12_Page_329_(1).jpg,Positive,Matches,
3601-002566-1_(4),3601-002566-1_(4).jpg,North China Magazine 1940-1-12_Page_329_(1).jpg,Positive,Matches,
3601-002571-1_(1),3601-002571-1_(1).jpg,North China Magazine 1939-6-12_Page_005_(1).jpg,Positive,Matches,
3601-002572-1_(1),3601-002572-1_(1).jpg,North China Magazine 1939-6-12_Page_005_(1).jpg,Positive,Matches,
3601-002572-2,3601-002572-2.jpg,North China Magazine 1939-6-12_Page_005_(1).jpg,Positive,Matches,
3601-002574-0_(1),3601-002574-0_(1).jpg,North China Magazine 1939-6-12_Page_007_(2).jpg,Positive,Matches,
3601-002574-0_(3),3601-002574-0_(3).jpg,North China Magazine 1943-1-8_Page_203_(1).jpg,Positive,Matches,
3601-002576-0,3601-002576-0.jpg,North China Magazine 1939-6-12_Page_007_(1).jpg,Positive,Matches,
3601-002578-0_(1),3601-002578-0_(1).jpg,North China Magazine 1939-6-12_Page_007_(2).jpg,Positive,Matches,
3601-002578-0_(3),3601-002578-0_(3).jpg,North China Magazine 1943-1-8_Page_203_(1).jpg,Positive,Matches,
3601-002579-0,3601-002579-0.jpg,North China Magazine 1943-1-8_Page_203_(2).jpg,Positive,Matches,
3601-002585-0_(1),3601-002585-0_(1).jpg,North China Magazine 1939-6-12_Page_007_(2).jpg,Positive,Matches,
3601-002585-0_(3),3601-002585-0_(3).jpg,North China Magazine 1943-1-8_Page_203_(1).jpg,Positive,Matches,
3601-002586-0,3601-002586-0.jpg,North China Magazine 1943-1-8_Page_203_(1).jpg,Negative,Matches,
3601-002588-0,3601-002588-0.jpg,North China Magazine 1939-6-12_Page_007_(3).jpg,Positive,Matches,
3601-002623-0,3601-002623-0.jpg,North China Magazine 1940-1-12_Page_508_(3).jpg,Positive,Matches,
3601-002644-0,3601-002644-0.jpg,North China Magazine 1943-1-8_Page_285_(3).jpg,Positive,Matches,
3601-002682-1,3601-002682-1.jpg,North China Magazine 1941-1-12_Page_226.jpg,Positive,Matches,
3601-002684-1_(1),3601-002684-1_(1).jpg,North China Magazine 1941-1-12_Page_226.jpg,Negative,Matches,
3601-002684-1_(3),3601-002684-1_(3).jpg,North China Magazine 1941-1-12_Page_226.jpg,Negative,Matches,
3601-002685-1_(1),3601-002685-1_(1).jpg,North China Magazine 1941-1-12_Page_226.jpg,Negative,Matches,
3601-002685-1_(3),3601-002685-1_(3).jpg,North China Magazine 1941-1-12_Page_226.jpg,Negative,Matches,
3601-002686-1_(1),3601-002686-1_(1).jpg,North China Magazine 1941-1-12_Page_226.jpg,Negative,Matches,
3601-002686-1_(3),3601-002686-1_(3).jpg,North China Magazine 1941-1-12_Page_226.jpg,Negative,Matches,
3601-002686-3,3601-002686-3.jpg,North China Magazine 1941-1-12_Page_226.jpg,Negative,Matches,
3601-002687-0_(1),3601-002687-0_(1).jpg,North China Magazine 1941-1-12_Page_226.jpg,Negative,Matches,
3601-002687-0_(2),3601-002687-0_(2).jpg,North China Magazine 1941-1-12_Page_226.jpg,Negative,Matches,
3601-002687-0_(3),3601-002687-0_(3).jpg,North China Magazine 1941-1-12_Page_226.jpg,Negative,Matches,
3601-002688-0_(1),3601-002688-0_(1).jpg,North China Magazine 1941-1-12_Page_226.jpg,Negative,Matches,
3601-002688-0_(2),3601-002688-0_(2).jpg,North China Magazine 1941-1-12_Page_226.jpg,Negative,Matches,
3601-002688-0_(3),3601-002688-0_(3).jpg,North China Magazine 1941-1-12_Page_226.jpg,Negative,Matches,
3601-002689-0_(1),3601-002689-0_(1).jpg,North China Magazine 1941-1-12_Page_226.jpg,Negative,Matches,
3601-002689-0_(2),3601-002689-0_(2).jpg,North China Magazine 1941-1-12_Page_226.jpg,Negative,Matches,
3601-002689-0_(3),3601-002689-0_(3).jpg,North China Magazine 1941-1-12_Page_226.jpg,Negative,Matches,
3601-002807-0,3601-002807-0.jpg,North China Magazine 1942-1-12_Page_279_(2).jpg,Positive,Matches,
3601-002844-0,3601-002844-0.jpg,North China Magazine 1940-1-12_Page_440_(2).jpg,Negative,Matches,
3601-002899-0,3601-002899-0.jpg,North China Magazine 1940-1-12_Page_139_(13).jpg,Positive,Matches,
3601-002900-0,3601-002900-0.jpg,North China Magazine 1940-1-12_Page_139_(13).jpg,Positive,Matches,
3601-002911-0,3601-002911-0.jpg,North China Magazine 1942-1-12_Page_246_(1).jpg,Positive,Matches,
3601-002978-0,3601-002978-0.jpg,North China Magazine 1940-1-12_Page_185_(2).jpg,Positive,Matches,
3601-003033-1,3601-003033-1.jpg,North China Magazine 1943-1-8_Page_152_(2).jpg,Positive,Matches,
3601-003033-2,3601-003033-2.jpg,North China Magazine 1943-1-8_Page_152_(2).jpg,Positive,Matches,
3601-003072-0,3601-003072-0.jpg,North China Magazine 1939-6-12_Page_284_(2).jpg,Positive,Matches,
3601-003074-0,3601-003074-0.jpg,North China Magazine 1940-1-12_Page_438.jpg,Positive,Matches,
3601-003076-0,3601-003076-0.jpg,North China Magazine 1939-6-12_Page_284_(1).jpg,Negative,Matches,
3601-003076-0,3601-003076-0.jpg,North China Magazine 1939-6-12_Page_285_(3).jpg,Negative,Matches,
3601-003084-0,3601-003084-0.jpg,North China Magazine 1943-1-8_Page_004_(1).jpg,Negative,Matches,
3601-003095-1,3601-003095-1.jpg,North China Magazine 1939-6-12_Page_016.jpg,Positive,Matches,
3601-003095-1,3601-003095-1.jpg,North China Magazine 1939-6-12_Page_017_(2).jpg,Positive,Matches,
3601-003095-2,3601-003095-2.jpg,North China Magazine 1939-6-12_Page_017_(2).jpg,Positive,Matches,
3601-003099-0_(2),3601-003099-0_(2).jpg,North China Magazine 1940-1-12_Page_277_(1).jpg,Negative,Matches,
3601-003113-0,3601-003113-0.jpg,North China Magazine 1940-1-12_Page_233_(1).jpg,Positive,Matches,
3601-003113-0,3601-003113-0.jpg,North China Magazine 1942-1-12_Page_084_(2).jpg,Positive,Matches,
3601-003116-1_(2),3601-003116-1_(2).jpg,North China Magazine 1940-1-12_Page_277_(1).jpg,Negative,Matches,
3601-003116-2,3601-003116-2.jpg,North China Magazine 1940-1-12_Page_277_(1).jpg,Negative,Matches,
3601-003134-0,3601-003134-0.jpg,North China Magazine 1939-6-12_Page_234.jpg,Negative,Matches,
3601-003134-0,3601-003134-0.jpg,North China Magazine 1943-1-8_Page_004_(3).jpg,Negative,Matches,
3601-003145-0,3601-003145-0.jpg,North China Magazine 1939-6-12_Page_234.jpg,Positive,Matches,
3601-003145-0,3601-003145-0.jpg,North China Magazine 1943-1-8_Page_004_(3).jpg,Negative,Matches,
3601-003197-0,3601-003197-0.jpg,North China Magazine 1943-1-8_Page_004_(1).jpg,Negative,Matches,
3601-003218-1_(1),3601-003218-1_(1).jpg,North China Magazine 1940-1-12_Page_232.jpg,Negative,Matches,
3601-003218-3,3601-003218-3.jpg,North China Magazine 1941-1-12_Page_443_(2).jpg,Negative,Matches,
3601-003223-1_(1),3601-003223-1_(1).jpg,North China Magazine 1940-1-12_Page_232.jpg,Negative,Matches,
3601-003229-0,3601-003229-0.jpg,North China Magazine 1940-1-12_Page_232.jpg,Positive,Matches,
3601-003231-0,3601-003231-0.jpg,North China Magazine 1941-1-12_Page_443_(2).jpg,Positive,Matches,
3601-003305-0,3601-003305-0.jpg,North China Magazine 1939-6-12_Page_073_(5).jpg,Negative,Matches,
3601-003310-0,3601-003310-0.jpg,North China Magazine 1939-6-12_Page_073_(5).jpg,Positive,Matches,
3601-003359-0,3601-003359-0.jpg,North China Magazine 1943-1-8_Page_008_(2).jpg,Positive,Matches,
3601-003366-0,3601-003366-0.jpg,North China Magazine 1939-6-12_Page_160_(1).jpg,Negative,Matches,
3601-003366-0,3601-003366-0.jpg,North China Magazine 1939-6-12_Page_161_(1).jpg,Negative,Matches,
3601-003367-0,3601-003367-0.jpg,North China Magazine 1939-6-12_Page_161_(2).jpg,Negative,Matches,
3601-003368-0,3601-003368-0.jpg,North China Magazine 1939-6-12_Page_163_(1).jpg,Negative,Matches,
3601-003371-0,3601-003371-0.jpg,North China Magazine 1939-6-12_Page_160_(2).jpg,Negative,Matches,
3601-003373-0,3601-003373-0.jpg,North China Magazine 1939-6-12_Page_160_(3).jpg,Negative,Matches,
3601-003375-0,3601-003375-0.jpg,North China Magazine 1939-6-12_Page_120_(2).jpg,Positive,Matches,
3601-003383-0,3601-003383-0.jpg,North China Magazine 1940-1-12_Page_350_(2).jpg,Positive,Matches,
3601-003394-1,3601-003394-1.jpg,North China Magazine 1940-1-12_Page_463_(2).jpg,Positive,Matches,
3601-003394-2,3601-003394-2.jpg,North China Magazine 1940-1-12_Page_463_(2).jpg,Positive,Matches,
3601-003410-0,3601-003410-0.jpg,North China Magazine 1941-1-12_Page_025_(5).jpg,Positive,Matches,
3601-003413-0,3601-003413-0.jpg,North China Magazine 1941-1-12_Page_024.jpg,Negative,Matches,
3601-003413-0,3601-003413-0.jpg,North China Magazine 1943-1-8_Page_285_(2).jpg,Positive,Matches,
3601-003415-1,3601-003415-1.jpg,North China Magazine 1941-1-12_Page_024.jpg,Positive,Matches,
3601-003415-1,3601-003415-1.jpg,North China Magazine 1943-1-8_Page_285_(2).jpg,Negative,Matches,
3601-003417-0,3601-003417-0.jpg,North China Magazine 1941-1-12_Page_024.jpg,Negative,Matches,
3601-003417-0,3601-003417-0.jpg,North China Magazine 1943-1-8_Page_285_(2).jpg,Positive,Matches,
3601-003431-1_(2),3601-003431-1_(2).jpg,North China Magazine 1942-1-12_Page_059_(2).jpg,Positive,Matches,
3601-003432-1_(2),3601-003432-1_(2).jpg,North China Magazine 1942-1-12_Page_059_(2).jpg,Positive,Matches,
3601-003433-1_(2),3601-003433-1_(2).jpg,North China Magazine 1942-1-12_Page_059_(2).jpg,Positive,Matches,
3601-003434-0,3601-003434-0.jpg,North China Magazine 1939-6-12_Page_351_(2).jpg,Positive,Matches,
3601-003446-1,3601-003446-1.jpg,North China Magazine 1939-6-12_Page_345_(1).jpg,Positive,Matches,
3601-003446-2,3601-003446-2.jpg,North China Magazine 1939-6-12_Page_345_(1).jpg,Positive,Matches,
3601-003448-0,3601-003448-0.jpg,North China Magazine 1941-1-12_Page_349_(2).jpg,Positive,Matches,
3601-003460-0,3601-003460-0.jpg,North China Magazine 1939-6-12_Page_343_(3).jpg,Positive,Matches,
3601-003469-1,3601-003469-1.jpg,North China Magazine 1942-1-12_Page_438_(2).jpg,Positive,Matches,
3601-003502-0,3601-003502-0.jpg,North China Magazine 1939-6-12_Page_326_(3).jpg,Positive,Matches,
3601-003511-0,3601-003511-0.jpg,North China Magazine 1942-1-12_Page_536.jpg,Negative,Matches,
3601-003511-0,3601-003511-0.jpg,North China Magazine 1942-1-12_Page_537.jpg,Negative,Matches,
3601-003516-0,3601-003516-0.jpg,North China Magazine 1942-1-12_Page_536.jpg,Negative,Matches,
3601-003526-0,3601-003526-0.jpg,North China Magazine 1940-1-12_Page_130_(2).jpg,Positive,Matches,
3601-003536-0,3601-003536-0.jpg,North China Magazine 1939-6-12_Page_084_(1).jpg,Positive,Matches,
3601-003544-0,3601-003544-0.jpg,North China Magazine 1939-6-12_Page_085_(2).jpg,Positive,Matches,
3601-003547-0_(1),3601-003547-0_(1).jpg,North China Magazine 1942-1-12_Page_453_(1).jpg,Positive,Matches,
3601-003548-0_(1),3601-003548-0_(1).jpg,North China Magazine 1942-1-12_Page_453_(1).jpg,Positive,Matches,
3601-003554-0,3601-003554-0.jpg,North China Magazine 1941-1-12_Page_058.jpg,Positive,Matches,
3601-003557-0,3601-003557-0.jpg,North China Magazine 1941-1-12_Page_058.jpg,Negative,Matches,
3601-003560-0,3601-003560-0.jpg,North China Magazine 1939-6-12_Page_066_(2).jpg,Positive,Matches,
3601-003560-0,3601-003560-0.jpg,North China Magazine 1939-6-12_Page_067_(3).jpg,Positive,Matches,
3601-003584-0_(1),3601-003584-0_(1).jpg,North China Magazine 1941-1-12_Page_064_(2).jpg,Negative,Matches,
3601-003584-0_(2),3601-003584-0_(2).jpg,North China Magazine 1941-1-12_Page_064_(2).jpg,Negative,Matches,
3601-003585-0_(1),3601-003585-0_(1).jpg,North China Magazine 1941-1-12_Page_064_(2).jpg,Negative,Matches,
3601-003585-0_(2),3601-003585-0_(2).jpg,North China Magazine 1941-1-12_Page_064_(2).jpg,Negative,Matches,
3601-003586-0_(1),3601-003586-0_(1).jpg,North China Magazine 1941-1-12_Page_064_(2).jpg,Negative,Matches,
3601-003586-0_(2),3601-003586-0_(2).jpg,North China Magazine 1941-1-12_Page_064_(2).jpg,Negative,Matches,
3601-003589-0,3601-003589-0.jpg,North China Magazine 1939-6-12_Page_181_(1).jpg,Positive,Matches,
3601-003654-0,3601-003654-0.jpg,North China Magazine 1942-1-12_Page_126_(1).jpg,Positive,Matches,
3601-003655-0,3601-003655-0.jpg,North China Magazine 1941-1-12_Page_396.jpg,Negative,Matches,
3601-003655-0,3601-003655-0.jpg,North China Magazine 1942-1-12_Page_126_(1).jpg,Positive,Matches,
3601-003656-0,3601-003656-0.jpg,North China Magazine 1941-1-12_Page_397.jpg,Negative,Matches,
3601-003657-0,3601-003657-0.jpg,North China Magazine 1940-1-12_Page_552.jpg,Positive,Matches,
3601-003658-0,3601-003658-0.jpg,North China Magazine 1940-1-12_Page_552.jpg,Negative,Matches,
3601-003661-1_(1),3601-003661-1_(1).jpg,North China Magazine 1940-1-12_Page_552.jpg,Negative,Matches,
3601-003662-1_(1),3601-003662-1_(1).jpg,North China Magazine 1940-1-12_Page_552.jpg,Negative,Matches,
3601-003673-0_(1),3601-003673-0_(1).jpg,North China Magazine 1940-1-12_Page_396_(1).jpg,Positive,Matches,
3601-003673-0_(1),3601-003673-0_(1).jpg,North China Magazine 1942-1-12_Page_125_(1).jpg,Positive,Matches,
3601-003674-0_(1),3601-003674-0_(1).jpg,North China Magazine 1940-1-12_Page_396_(1).jpg,Positive,Matches,
3601-003674-0_(1),3601-003674-0_(1).jpg,North China Magazine 1942-1-12_Page_125_(1).jpg,Positive,Matches,
3601-003695-0,3601-003695-0.jpg,North China Magazine 1942-1-12_Page_345_(2).jpg,Positive,Matches,
3602-003706-0,3602-003706-0.jpg,North China Magazine 1942-1-12_Page_535.jpg,Negative,Matches,
3602-003719-0_(1),3602-003719-0_(1).jpg,North China Magazine 1939-6-12_Page_283_(2).jpg,Positive,Matches,
3602-003719-0_(2),3602-003719-0_(2).jpg,North China Magazine 1939-6-12_Page_283_(2).jpg,Negative,Matches,
3602-003720-0_(1),3602-003720-0_(1).jpg,North China Magazine 1939-6-12_Page_283_(2).jpg,Positive,Matches,
3602-003720-0_(2),3602-003720-0_(2).jpg,North China Magazine 1939-6-12_Page_283_(2).jpg,Negative,Matches,
3602-003721-0_(1),3602-003721-0_(1).jpg,North China Magazine 1939-6-12_Page_283_(2).jpg,Positive,Matches,
3602-003721-0_(2),3602-003721-0_(2).jpg,North China Magazine 1939-6-12_Page_283_(2).jpg,Negative,Matches,
3602-003722-0_(1),3602-003722-0_(1).jpg,North China Magazine 1939-6-12_Page_282_(2).jpg,Positive,Matches,
3602-003723-0_(1),3602-003723-0_(1).jpg,North China Magazine 1939-6-12_Page_282_(2).jpg,Positive,Matches,
3602-003724-0_(1),3602-003724-0_(1).jpg,North China Magazine 1939-6-12_Page_282_(2).jpg,Positive,Matches,
3602-003747-0_(1),3602-003747-0_(1).jpg,North China Magazine 1941-1-12_Page_006.jpg,Negative,Matches,
3602-003747-0_(2),3602-003747-0_(2).jpg,North China Magazine 1941-1-12_Page_006.jpg,Negative,Matches,
3602-003748-0_(1),3602-003748-0_(1).jpg,North China Magazine 1941-1-12_Page_006.jpg,Negative,Matches,
3602-003748-0_(2),3602-003748-0_(2).jpg,North China Magazine 1941-1-12_Page_006.jpg,Negative,Matches,
3602-003749-0_(1),3602-003749-0_(1).jpg,North China Magazine 1941-1-12_Page_006.jpg,Negative,Matches,
3602-003749-0_(2),3602-003749-0_(2).jpg,North China Magazine 1941-1-12_Page_006.jpg,Negative,Matches,
3602-003750-0,3602-003750-0.jpg,North China Magazine 1941-1-12_Page_006.jpg,Positive,Matches,
3602-003755-0,3602-003755-0.jpg,North China Magazine 1943-1-8_Page_285_(1).jpg,Positive,Matches,
3602-003798-0,3602-003798-0.jpg,North China Magazine 1940-1-12_Page_056_(1).jpg,Positive,Matches,
3602-003798-0,3602-003798-0.jpg,North China Magazine 1940-1-12_Page_547_(3).jpg,Positive,Matches,
3602-003814-0_(2),3602-003814-0_(2).jpg,North China Magazine 1939-6-12_Page_285_(1).jpg,Negative,Matches,
3602-003815-0_(2),3602-003815-0_(2).jpg,North China Magazine 1939-6-12_Page_285_(1).jpg,Negative,Matches,
3602-003816-0_(2),3602-003816-0_(2).jpg,North China Magazine 1939-6-12_Page_285_(1).jpg,Negative,Matches,
3602-003874-0,3602-003874-0.jpg,North China Magazine 1940-1-12_Page_402_(1).jpg,Positive,Matches,
3602-003886-0,3602-003886-0.jpg,North China Magazine 1939-6-12_Page_109.jpg,Positive,Matches,
3602-003888-0,3602-003888-0.jpg,North China Magazine 1939-6-12_Page_109.jpg,Negative,Matches,
3602-003889-0,3602-003889-0.jpg,North China Magazine 1942-1-12_Page_402.jpg,Negative,Matches,
3602-003927-0,3602-003927-0.jpg,North China Magazine 1942-1-12_Page_402.jpg,Positive,Matches,
3602-004001-0,3602-004001-0.jpg,North China Magazine 1942-1-12_Page_617_(1).jpg,Negative,Matches,
3602-004006-0,3602-004006-0.jpg,North China Magazine 1942-1-12_Page_330_(2).jpg,Positive,Matches,
3602-004006-0,3602-004006-0.jpg,North China Magazine 1942-1-12_Page_331_(1).jpg,Positive,Matches,
3602-004049-0_(1),3602-004049-0_(1).jpg,North China Magazine 1940-1-12_Page_336.jpg,Positive,Matches,
3602-004059-0,3602-004059-0.jpg,North China Magazine 1940-1-12_Page_349_(2).jpg,Negative,Matches,
3602-004060-0_(1),3602-004060-0_(1).jpg,North China Magazine 1940-1-12_Page_336.jpg,Positive,Matches,
3602-004079-1,3602-004079-1.jpg,North China Magazine 1941-1-12_Page_385.jpg,Negative,Matches,
3602-004079-2,3602-004079-2.jpg,North China Magazine 1939-6-12_Page_014.jpg,Negative,Matches,
3602-004079-2,3602-004079-2.jpg,North China Magazine 1941-1-12_Page_385.jpg,Negative,Matches,
3602-004080-0,3602-004080-0.jpg,North China Magazine 1939-6-12_Page_014.jpg,Negative,Matches,
3602-004093-0,3602-004093-0.jpg,North China Magazine 1939-6-12_Page_108_(1).jpg,Positive,Matches,
3602-004104-0,3602-004104-0.jpg,North China Magazine 1942-1-12_Page_384_(2).jpg,Positive,Matches,
3602-004217-0_(1),3602-004217-0_(1).jpg,North China Magazine 1941-1-12_Page_377_(1).jpg,Positive,Matches,
3602-004218-0_(1),3602-004218-0_(1).jpg,North China Magazine 1941-1-12_Page_377_(1).jpg,Positive,Matches,
3602-004220-0,3602-004220-0.jpg,North China Magazine 1940-1-12_Page_387.jpg,Positive,Matches,
3602-004335-0_(1),3602-004335-0_(1).jpg,North China Magazine 1939-6-12_Page_116_(2).jpg,Positive,Matches,
3602-004336-0_(1),3602-004336-0_(1).jpg,North China Magazine 1939-6-12_Page_116_(2).jpg,Positive,Matches,
3602-004394-1,3602-004394-1.jpg,North China Magazine 1939-6-12_Page_287_(1).jpg,Positive,Matches,
3602-004394-2,3602-004394-2.jpg,North China Magazine 1939-6-12_Page_287_(1).jpg,Positive,Matches,
3602-004397-0,3602-004397-0.jpg,North China Magazine 1940-1-12_Page_386_(1).jpg,Positive,Matches,
3602-004569-0,3602-004569-0.jpg,North China Magazine 1940-1-12_Page_614_(1).jpg,Positive,Matches,
3602-004582-0,3602-004582-0.jpg,North China Magazine 1942-1-12_Page_333.jpg,Positive,Matches,
3602-004603-0,3602-004603-0.jpg,North China Magazine 1941-1-12_Page_504_(2).jpg,Positive,Matches,
3602-004615-0,3602-004615-0.jpg,North China Magazine 1942-1-12_Page_380_(2).jpg,Positive,Matches,
3602-004621-0,3602-004621-0.jpg,North China Magazine 1941-1-12_Page_504_(2).jpg,Positive,Matches,
3602-004624-0,3602-004624-0.jpg,North China Magazine 1942-1-12_Page_462_(2).jpg,Positive,Matches,
3602-004668-0,3602-004668-0.jpg,North China Magazine 1940-1-12_Page_290_(2).jpg,Positive,Matches,
3602-004680-0_(1),3602-004680-0_(1).jpg,North China Magazine 1942-1-12_Page_380_(3).jpg,Positive,Matches,
3602-004680-0_(3),3602-004680-0_(3).jpg,North China Magazine 1942-1-12_Page_380_(3).jpg,Positive,Matches,
3602-004681-0_(2),3602-004681-0_(2).jpg,North China Magazine 1939-6-12_Page_117_(3).jpg,Positive,Matches,
3602-004681-0_(3),3602-004681-0_(3).jpg,North China Magazine 1939-6-12_Page_117_(3).jpg,Positive,Matches,
3602-004682-1_(1),3602-004682-1_(1).jpg,North China Magazine 1942-1-12_Page_380_(3).jpg,Positive,Matches,
3602-004682-1_(3),3602-004682-1_(3).jpg,North China Magazine 1942-1-12_Page_380_(3).jpg,Positive,Matches,
3602-004682-2,3602-004682-2.jpg,North China Magazine 1942-1-12_Page_380_(3).jpg,Positive,Matches,
3602-004689-1,3602-004689-1.jpg,North China Magazine 1941-1-12_Page_376_(1).jpg,Positive,Matches,
3602-004689-2,3602-004689-2.jpg,North China Magazine 1941-1-12_Page_376_(1).jpg,Positive,Matches,
3602-004690-0_(2),3602-004690-0_(2).jpg,North China Magazine 1939-6-12_Page_117_(3).jpg,Positive,Matches,
3602-004690-0_(3),3602-004690-0_(3).jpg,North China Magazine 1939-6-12_Page_117_(3).jpg,Positive,Matches,
3602-004690-1,3602-004690-1.jpg,North China Magazine 1939-6-12_Page_117_(3).jpg,Positive,Matches,
3602-004718-0,3602-004718-0.jpg,North China Magazine 1939-6-12_Page_117_(2).jpg,Positive,Matches,
3602-004764-0,3602-004764-0.jpg,North China Magazine 1939-6-12_Page_138_(1).jpg,Negative,Matches,
3602-004764-0,3602-004764-0.jpg,North China Magazine 1939-6-12_Page_138_(2).jpg,Negative,Matches,
3602-004782-0_(1),3602-004782-0_(1).jpg,North China Magazine 1941-1-12_Page_344.jpg,Positive,Matches,
3602-004783-0_(1),3602-004783-0_(1).jpg,North China Magazine 1941-1-12_Page_344.jpg,Positive,Matches,
3602-004799-0,3602-004799-0.jpg,North China Magazine 1942-1-12_Page_386_(1).jpg,Positive,Matches,
3602-004803-0_(1),3602-004803-0_(1).jpg,North China Magazine 1940-1-12_Page_293.jpg,Positive,Matches,
3602-004804-0_(1),3602-004804-0_(1).jpg,North China Magazine 1940-1-12_Page_293.jpg,Positive,Matches,
3602-004805-0,3602-004805-0.jpg,North China Magazine 1942-1-12_Page_386_(1).jpg,Negative,Matches,
3602-004846-0,3602-004846-0.jpg,North China Magazine 1940-1-12_Page_443_(4).jpg,Positive,Matches,
3602-004847-0,3602-004847-0.jpg,North China Magazine 1941-1-12_Page_535.jpg,Positive,Matches,
3602-004852-0_(1),3602-004852-0_(1).jpg,North China Magazine 1942-1-12_Page_126_(3).jpg,Unsure,Matches ??,reviewed Matches dir renamed to 'Matches ??'
3602-004853-0_(1),3602-004853-0_(1).jpg,North China Magazine 1942-1-12_Page_126_(3).jpg,Unsure,Matches ??,reviewed Matches dir renamed to 'Matches ??'
3602-004855-0,3602-004855-0.jpg,North China Magazine 1942-1-12_Page_127_(1).jpg,Negative,Matches,
3602-004856-0,3602-004856-0.jpg,North China Magazine 1942-1-12_Page_126_(3).jpg,Negative,Matches,
3602-004856-0,3602-004856-0.jpg,North China Magazine 1942-1-12_Page_127_(1).jpg,Positive,Matches,
3602-004857-0,3602-004857-0.jpg,North China Magazine 1942-1-12_Page_126_(3).jpg,Positive,Matches,
3602-004857-0,3602-004857-0.jpg,North China Magazine 1942-1-12_Page_127_(1).jpg,Positive,Matches,
3602-004902-0_(1),3602-004902-0_(1).jpg,North China Magazine 1942-1-12_Page_602_(1).jpg,Negative,Matches,
3602-004902-0_(2),3602-004902-0_(2).jpg,North China Magazine 1942-1-12_Page_602_(1).jpg,Positive,Matches,
3602-004903-0_(1),3602-004903-0_(1).jpg,North China Magazine 1942-1-12_Page_602_(1).jpg,Negative,Matches,
3602-004903-0_(2),3602-004903-0_(2).jpg,North China Magazine 1942-1-12_Page_602_(1).jpg,Positive,Matches,
3602-004904-0_(1),3602-004904-0_(1).jpg,North China Magazine 1942-1-12_Page_602_(1).jpg,Negative,Matches,
3602-004904-0_(2),3602-004904-0_(2).jpg,North China Magazine 1942-1-12_Page_602_(1).jpg,Positive,Matches,
3602-004940-0_(1),3602-004940-0_(1).jpg,North China Magazine 1939-6-12_Page_084_(2).jpg,Positive,Matches,
3602-004940-0_(1),3602-004940-0_(1).jpg,North China Magazine 1939-6-12_Page_085_(1).jpg,Positive,Matches,
3602-004940-0_(2),3602-004940-0_(2).jpg,North China Magazine 1940-1-12_Page_594.jpg,Positive,Matches,
3602-004940-0_(3),3602-004940-0_(3).jpg,North China Magazine 1940-1-12_Page_130_(1).jpg,Positive,Matches,
3602-004941-0_(1),3602-004941-0_(1).jpg,North China Magazine 1939-6-12_Page_084_(2).jpg,Positive,Matches,
3602-004941-0_(1),3602-004941-0_(1).jpg,North China Magazine 1939-6-12_Page_085_(1).jpg,Positive,Matches,
3602-004941-0_(2),3602-004941-0_(2).jpg,North China Magazine 1940-1-12_Page_594.jpg,Positive,Matches,
3602-004941-0_(3),3602-004941-0_(3).jpg,North China Magazine 1940-1-12_Page_130_(1).jpg,Positive,Matches,
3602-004942-0_(1),3602-004942-0_(1).jpg,North China Magazine 1939-6-12_Page_084_(2).jpg,Positive,Matches,
3602-004942-0_(1),3602-004942-0_(1).jpg,North China Magazine 1939-6-12_Page_085_(1).jpg,Positive,Matches,
3602-004942-0_(2),3602-004942-0_(2).jpg,North China Magazine 1940-1-12_Page_594.jpg,Positive,Matches,
3602-004942-0_(3),3602-004942-0_(3).jpg,North China Magazine 1940-1-12_Page_130_(1).jpg,Positive,Matches,
3602-005014-0,3602-005014-0.jpg,North China Magazine 1939-6-12_Page_028_(6).jpg,Negative,Matches,
3602-005022-0,3602-005022-0.jpg,North China Magazine 1940-1-12_Page_077_(3).jpg,Positive,Matches,
3602-005080-0_(1),3602-005080-0_(1).jpg,North China Magazine 1942-1-12_Page_230.jpg,Positive,Matches,
3602-005080-0_(2),3602-005080-0_(2).jpg,North China Magazine 1942-1-12_Page_230.jpg,Positive,Matches,
3602-005088-0,3602-005088-0.jpg,North China Magazine 1940-1-12_Page_590_(2).jpg,Positive,Matches,
3602-005090-0,3602-005090-0.jpg,North China Magazine 1941-1-12_Page_078.jpg,Positive,Matches,
3602-005090-0,3602-005090-0.jpg,North China Magazine 1942-1-12_Page_620_(1).jpg,Positive,Matches,
3602-005091-0,3602-005091-0.jpg,North China Magazine 1942-1-12_Page_069_(2).jpg,Positive,Matches,
3602-005100-0,3602-005100-0.jpg,North China Magazine 1940-1-12_Page_593_(1).jpg,Positive,Matches,
3602-005101-0_(2),3602-005101-0_(2).jpg,North China Magazine 1940-1-12_Page_544.jpg,Positive,Matches,
3602-005101-0_(2),3602-005101-0_(2).jpg,North China Magazine 1940-1-12_Page_545.jpg,Positive,Matches,
3602-005102-0_(2),3602-005102-0_(2).jpg,North China Magazine 1940-1-12_Page_544.jpg,Positive,Matches,
3602-005102-0_(2),3602-005102-0_(2).jpg,North China Magazine 1940-1-12_Page_545.jpg,Positive,Matches,
3602-005108-0_(2),3602-005108-0_(2).jpg,North China Magazine 1940-1-12_Page_544.jpg,Positive,Matches,
3602-005108-0_(2),3602-005108-0_(2).jpg,North China Magazine 1940-1-12_Page_545.jpg,Positive,Matches,
3602-005127-0,3602-005127-0.jpg,North China Magazine 1942-1-12_Page_130_(2).jpg,Negative,Matches,
3602-005127-0,3602-005127-0.jpg,North China Magazine 1942-1-12_Page_228.jpg,Negative,Matches,
3602-005128-0,3602-005128-0.jpg,North China Magazine 1940-1-12_Page_402_(2).jpg,Positive,Matches,
3602-005130-0,3602-005130-0.jpg,North China Magazine 1940-1-12_Page_508_(1).jpg,Positive,Matches,
3602-005147-0,3602-005147-0.jpg,North China Magazine 1942-1-12_Page_138_(4).jpg,Positive,Matches,
3602-005176-0,3602-005176-0.jpg,North China Magazine 1942-1-12_Page_138_(2).jpg,Negative,Matches,
3602-005178-0,3602-005178-0.jpg,North China Magazine 1942-1-12_Page_139_(2).jpg,Positive,Matches,
3602-005184-0,3602-005184-0.jpg,North China Magazine 1942-1-12_Page_138_(1).jpg,Positive,Matches,
3602-005186-0,3602-005186-0.jpg,North China Magazine 1942-1-12_Page_138_(3).jpg,Positive,Matches,
3602-005203-0,3602-005203-0.jpg,North China Magazine 1942-1-12_Page_138_(2).jpg,Positive,Matches,
3602-005204-0,3602-005204-0.jpg,North China Magazine 1942-1-12_Page_139_(3).jpg,Positive,Matches,
3602-005296-0,3602-005296-0.jpg,North China Magazine 1939-6-12_Page_160_(2).jpg,Negative,Matches,
3602-005297-0,3602-005297-0.jpg,North China Magazine 1939-6-12_Page_160_(2).jpg,Negative,Matches,
3602-005299-0,3602-005299-0.jpg,North China Magazine 1939-6-12_Page_161_(3).jpg,Negative,Matches,
3602-005300-0,3602-005300-0.jpg,North China Magazine 1939-6-12_Page_161_(2).jpg,Positive,Matches,
3602-005302-0,3602-005302-0.jpg,North China Magazine 1939-6-12_Page_161_(3).jpg,Negative,Matches,
3602-005314-0,3602-005314-0.jpg,North China Magazine 1939-6-12_Page_243.jpg,Positive,Matches,
3602-005387-0,3602-005387-0.jpg,North China Magazine 1939-6-12_Page_017_(3).jpg,Positive,Matches,
3602-005395-0_(1),3602-005395-0_(1).jpg,North China Magazine 1940-1-12_Page_388.jpg,Positive,Matches,
3602-005396-0_(1),3602-005396-0_(1).jpg,North China Magazine 1940-1-12_Page_388.jpg,Positive,Matches,
3602-005404-0,3602-005404-0.jpg,North China Magazine 1939-6-12_Page_161_(3).jpg,Negative,Matches,
3602-005423-0_(1),3602-005423-0_(1).jpg,North China Magazine 1941-1-12_Page_228.jpg,Positive,Matches,
3602-005424-1_(1),3602-005424-1_(1).jpg,North China Magazine 1941-1-12_Page_228.jpg,Positive,Matches,
3602-005425-0,3602-005425-0.jpg,North China Magazine 1941-1-12_Page_551_(1).jpg,Positive,Matches,
3602-005444-0_(1),3602-005444-0_(1).jpg,North China Magazine 1939-6-12_Page_070.jpg,Positive,Matches,
3602-005444-0_(1),3602-005444-0_(1).jpg,North China Magazine 1939-6-12_Page_071.jpg,Positive,Matches,
3602-005445-0_(1),3602-005445-0_(1).jpg,North China Magazine 1939-6-12_Page_070.jpg,Positive,Matches,
3602-005445-0_(1),3602-005445-0_(1).jpg,North China Magazine 1939-6-12_Page_071.jpg,Positive,Matches,
3602-005479-0,3602-005479-0.jpg,North China Magazine 1939-6-12_Page_010_(3).jpg,Positive,Matches,
3602-005508-0,3602-005508-0.jpg,North China Magazine 1940-1-12_Page_166.jpg,Negative,Matches,
3602-005508-0,3602-005508-0.jpg,North China Magazine 1940-1-12_Page_167.jpg,Negative,Matches,
3602-005509-0,3602-005509-0.jpg,North China Magazine 1942-1-12_Page_057.jpg,Positive,Matches,
3602-005512-0,3602-005512-0.jpg,North China Magazine 1941-1-12_Page_201.jpg,Positive,Matches,
3602-005553-0_(1),3602-005553-0_(1).jpg,North China Magazine 1941-1-12_Page_484_(1).jpg,Positive,Matches,
3602-005553-0_(2),3602-005553-0_(2).jpg,North China Magazine 1941-1-12_Page_485_(2).jpg,Positive,Matches,
3602-005554-0_(1),3602-005554-0_(1).jpg,North China Magazine 1941-1-12_Page_484_(1).jpg,Positive,Matches,
3602-005554-0_(2),3602-005554-0_(2).jpg,North China Magazine 1941-1-12_Page_485_(2).jpg,Positive,Matches,
3602-005555-0_(2),3602-005555-0_(2).jpg,North China Magazine 1942-1-12_Page_059_(3).jpg,Positive,Matches,
3602-005556-0_(2),3602-005556-0_(2).jpg,North China Magazine 1942-1-12_Page_059_(3).jpg,Positive,Matches,
3602-005558-0,3602-005558-0.jpg,North China Magazine 1943-1-8_Page_005.jpg,Positive,Matches,
3602-005583-0,3602-005583-0.jpg,North China Magazine 1939-6-12_Page_227.jpg,Negative,Matches,
3602-005586-0,3602-005586-0.jpg,North China Magazine 1939-6-12_Page_227.jpg,Negative,Matches,
3602-005587-0,3602-005587-0.jpg,North China Magazine 1939-6-12_Page_227.jpg,Negative,Matches,
3602-005589-0,3602-005589-0.jpg,North China Magazine 1939-6-12_Page_227.jpg,Positive,Matches,
3602-005709-2,3602-005709-2.jpg,North China Magazine 1941-1-12_Page_455_(1).jpg,Negative,Matches,
3602-005763-0,3602-005763-0.jpg,North China Magazine 1939-6-12_Page_110.jpg,Positive,Matches,
3602-005766-0,3602-005766-0.jpg,North China Magazine 1940-1-12_Page_226_(2).jpg,Negative,Matches,
3602-005767-0,3602-005767-0.jpg,North China Magazine 1940-1-12_Page_226_(2).jpg,Positive,Matches,
3602-005768-0_(1),3602-005768-0_(1).jpg,North China Magazine 1939-6-12_Page_115_(3).jpg,Positive,Matches,
3602-005768-0_(2),3602-005768-0_(2).jpg,North China Magazine 1939-6-12_Page_115_(3).jpg,Negative,Matches,
3602-005769-0_(1),3602-005769-0_(1).jpg,North China Magazine 1939-6-12_Page_115_(3).jpg,Negative,Matches,
3602-005769-0_(2),3602-005769-0_(2).jpg,North China Magazine 1939-6-12_Page_115_(3).jpg,Positive,Matches,
3602-005769-0_(3),3602-005769-0_(3).jpg,North China Magazine 1939-6-12_Page_115_(3).jpg,Positive,Matches,
3602-005822-0,3602-005822-0.jpg,North China Magazine 1942-1-12_Page_290_(4).jpg,Positive,Matches,
3602-005844-0,3602-005844-0.jpg,North China Magazine 1940-1-12_Page_510_(3).jpg,Negative,Matches,
3602-005844-0,3602-005844-0.jpg,North China Magazine 1940-1-12_Page_565_(2).jpg,Positive,Matches,
3602-005845-0,3602-005845-0.jpg,North China Magazine 1940-1-12_Page_565_(2).jpg,Negative,Matches,
3602-005857-0,3602-005857-0.jpg,North China Magazine 1939-6-12_Page_115_(1).jpg,Positive,Matches,
3602-005861-0,3602-005861-0.jpg,North China Magazine 1943-1-8_Page_161_(1).jpg,Positive,Matches,
3602-005870-0,3602-005870-0.jpg,North China Magazine 1939-6-12_Page_112_(1).jpg,Positive,Matches,
3602-005877-0,3602-005877-0.jpg,North China Magazine 1940-1-12_Page_341.jpg,Positive,Matches,
3602-005894-1,3602-005894-1.jpg,North China Magazine 1942-1-12_Page_493_(2).jpg,Positive,Matches,
3602-005914-0,3602-005914-0.jpg,North China Magazine 1940-1-12_Page_536.jpg,Positive,Matches,
3602-005921-0,3602-005921-0.jpg,North China Magazine 1942-1-12_Page_225_(1).jpg,Negative,Matches,
3602-005941-0,3602-005941-0.jpg,North China Magazine 1942-1-12_Page_441_(4).jpg,Negative,Matches,
3602-005947-0,3602-005947-0.jpg,North China Magazine 1943-1-8_Page_021_(1).jpg,Negative,Matches,
3602-005949-0,3602-005949-0.jpg,North China Magazine 1943-1-8_Page_023.jpg,Negative,Matches,
3602-005963-0,3602-005963-0.jpg,North China Magazine 1940-1-12_Page_022_(1).jpg,Positive,Matches,
3602-005979-0,3602-005979-0.jpg,North China Magazine 1940-1-12_Page_125_(3).jpg,Positive,Matches,
3602-005979-0,3602-005979-0.jpg,North China Magazine 1942-1-12_Page_287_(2).jpg,Positive,Matches,
3602-005986-0,3602-005986-0.jpg,North China Magazine 1939-6-12_Page_012_(3).jpg,Negative,Matches,
3602-006010-0,3602-006010-0.jpg,North China Magazine 1940-1-12_Page_021_(1).jpg,Positive,Matches,
3602-006015-0_(1),3602-006015-0_(1).jpg,North China Magazine 1940-1-12_Page_564_(4).jpg,Positive,Matches,
3602-006015-0_(2),3602-006015-0_(2).jpg,North China Magazine 1940-1-12_Page_565_(4).jpg,Positive,Matches,
3602-006016-0_(1),3602-006016-0_(1).jpg,North China Magazine 1940-1-12_Page_564_(4).jpg,Positive,Matches,
3602-006016-0_(2),3602-006016-0_(2).jpg,North China Magazine 1940-1-12_Page_565_(4).jpg,Positive,Matches,
3602-006017-0,3602-006017-0.jpg,North China Magazine 1940-1-12_Page_564_(2).jpg,Positive,Matches,
3602-006019-0,3602-006019-0.jpg,North China Magazine 1940-1-12_Page_564_(2).jpg,Negative,Matches,
3602-006023-0,3602-006023-0.jpg,North China Magazine 1940-1-12_Page_565_(3).jpg,Positive,Matches,
3602-006041-0,3602-006041-0.jpg,North China Magazine 1939-6-12_Page_161_(1).jpg,Negative,Matches,
3602-006042-0,3602-006042-0.jpg,North China Magazine 1939-6-12_Page_161_(1).jpg,Negative,Matches,
3602-006161-0,3602-006161-0.jpg,North China Magazine 1940-1-12_Page_236_(2).jpg,Negative,Matches,
3602-006208-0,3602-006208-0.jpg,North China Magazine 1939-6-12_Page_076.jpg,Negative,Matches,
3602-006208-0,3602-006208-0.jpg,North China Magazine 1941-1-12_Page_562.jpg,Negative,Matches,
3602-006209-0,3602-006209-0.jpg,North China Magazine 1939-6-12_Page_076.jpg,Negative,Matches,
3602-006209-0,3602-006209-0.jpg,North China Magazine 1941-1-12_Page_562.jpg,Negative,Matches,
3602-006210-0,3602-006210-0.jpg,North China Magazine 1939-6-12_Page_107.jpg,Positive,Matches,
3602-006210-0,3602-006210-0.jpg,North China Magazine 1940-1-12_Page_440_(3).jpg,Positive,Matches,
3602-006272-0,3602-006272-0.jpg,North China Magazine 1940-1-12_Page_564_(1).jpg,Positive,Matches,
3602-006281-0,3602-006281-0.jpg,North China Magazine 1939-6-12_Page_076.jpg,Negative,Matches,
3602-006281-0,3602-006281-0.jpg,North China Magazine 1941-1-12_Page_562.jpg,Negative,Matches,
3602-006284-0,3602-006284-0.jpg,North China Magazine 1939-6-12_Page_076.jpg,Negative,Matches,
3602-006284-0,3602-006284-0.jpg,North China Magazine 1941-1-12_Page_562.jpg,Negative,Matches,
3602-006285-0,3602-006285-0.jpg,North China Magazine 1939-6-12_Page_076.jpg,Negative,Matches,
3602-006285-0,3602-006285-0.jpg,North China Magazine 1941-1-12_Page_562.jpg,Negative,Matches,
3602-006286-0,3602-006286-0.jpg,North China Magazine 1939-6-12_Page_076.jpg,Negative,Matches,
3602-006286-0,3602-006286-0.jpg,North China Magazine 1941-1-12_Page_562.jpg,Negative,Matches,
3602-006288-0,3602-006288-0.jpg,North China Magazine 1939-6-12_Page_076.jpg,Negative,Matches,
3602-006288-0,3602-006288-0.jpg,North China Magazine 1941-1-12_Page_562.jpg,Negative,Matches,
3602-006289-0,3602-006289-0.jpg,North China Magazine 1939-6-12_Page_076.jpg,Negative,Matches,
3602-006289-0,3602-006289-0.jpg,North China Magazine 1941-1-12_Page_562.jpg,Negative,Matches,
3602-006291-0,3602-006291-0.jpg,North China Magazine 1939-6-12_Page_076.jpg,Negative,Matches,
3602-006307-0,3602-006307-0.jpg,North China Magazine 1939-6-12_Page_076.jpg,Negative,Matches,
3602-006307-0,3602-006307-0.jpg,North China Magazine 1941-1-12_Page_562.jpg,Negative,Matches,
3602-006308-0,3602-006308-0.jpg,North China Magazine 1939-6-12_Page_076.jpg,Negative,Matches,
3602-006314-0,3602-006314-0.jpg,North China Magazine 1939-6-12_Page_076.jpg,Negative,Matches,
3602-006314-0,3602-006314-0.jpg,North China Magazine 1941-1-12_Page_562.jpg,Negative,Matches,
3602-006328-0,3602-006328-0.jpg,North China Magazine 1942-1-12_Page_596_(2).jpg,Negative,Matches,
3602-006434-0,3602-006434-0.jpg,North China Magazine 1941-1-12_Page_226.jpg,Negative,Matches,
3602-006435-0,3602-006435-0.jpg,North China Magazine 1941-1-12_Page_226.jpg,Negative,Matches,
3602-006488-0,3602-006488-0.jpg,North China Magazine 1940-1-12_Page_295.jpg,Positive,Matches,
3603-006534-0,3603-006534-0.jpg,North China Magazine 1940-1-12_Page_222_(1).jpg,Negative,Matches,
3603-006536-0,3603-006536-0.jpg,North China Magazine 1940-1-12_Page_222_(1).jpg,Positive,Matches,
3603-006572-0_(1),3603-006572-0_(1).jpg,North China Magazine 1940-1-12_Page_349_(1).jpg,Positive,Matches,
3603-006572-0_(2),3603-006572-0_(2).jpg,North China Magazine 1940-1-12_Page_349_(1).jpg,Positive,Matches,
3603-006607-0,3603-006607-0.jpg,North China Magazine 1939-6-12_Page_115_(2).jpg,Positive,Matches,
3603-006613-0,3603-006613-0.jpg,North China Magazine 1939-6-12_Page_112_(2).jpg,Negative,Matches,
3603-006613-0,3603-006613-0.jpg,North China Magazine 1939-6-12_Page_113.jpg,Negative,Matches,
3603-006613-0,3603-006613-0.jpg,North China Magazine 1943-1-8_Page_205.jpg,Negative,Matches,
3603-006614-0_(1),3603-006614-0_(1).jpg,North China Magazine 1939-6-12_Page_112_(2).jpg,Negative,Matches,
3603-006614-0_(2),3603-006614-0_(2).jpg,North China Magazine 1939-6-12_Page_112_(2).jpg,Negative,Matches,
3603-006614-0_(2),3603-006614-0_(2).jpg,North China Magazine 1939-6-12_Page_113.jpg,Negative,Matches,
3603-006614-0_(2),3603-006614-0_(2).jpg,North China Magazine 1943-1-8_Page_205.jpg,Negative,Matches,
3603-006615-1_(1),3603-006615-1_(1).jpg,North China Magazine 1939-6-12_Page_112_(2).jpg,Negative,Matches,
3603-006615-1_(2),3603-006615-1_(2).jpg,North China Magazine 1939-6-12_Page_112_(2).jpg,Negative,Matches,
3603-006615-1_(2),3603-006615-1_(2).jpg,North China Magazine 1939-6-12_Page_113.jpg,Negative,Matches,
3603-006615-1_(2),3603-006615-1_(2).jpg,North China Magazine 1943-1-8_Page_205.jpg,Negative,Matches,
3603-006615-2,3603-006615-2.jpg,North China Magazine 1939-6-12_Page_112_(2).jpg,Negative,Matches,
3603-006615-2,3603-006615-2.jpg,North China Magazine 1939-6-12_Page_113.jpg,Negative,Matches,
3603-006615-2,3603-006615-2.jpg,North China Magazine 1943-1-8_Page_205.jpg,Negative,Matches,
3603-006694-0,3603-006694-0.jpg,North China Magazine 1939-6-12_Page_022_(1).jpg,Negative,Matches,
3603-006695-0,3603-006695-0.jpg,North China Magazine 1939-6-12_Page_022_(1).jpg,Positive,Matches,
3603-006706-0,3603-006706-0.jpg,North China Magazine 1940-1-12_Page_442_(2).jpg,Negative,Matches,
3603-006724-0,3603-006724-0.jpg,North China Magazine 1939-6-12_Page_163_(1).jpg,Negative,Matches,
3603-006747-0,3603-006747-0.jpg,North China Magazine 1942-1-12_Page_230.jpg,Negative,Matches,
3603-006755-0,3603-006755-0.jpg,North China Magazine 1939-6-12_Page_163_(1).jpg,Negative,Matches,
3603-006809-0,3603-006809-0.jpg,North China Magazine 1940-1-12_Page_284_(5).jpg,Positive,Matches,
3603-006836-0,3603-006836-0.jpg,North China Magazine 1939-6-12_Page_334_(1).jpg,Positive,Matches,
3603-006856-0,3603-006856-0.jpg,North China Magazine 1940-1-12_Page_354.jpg,Positive,Matches,
3603-006932-0_(1),3603-006932-0_(1).jpg,North China Magazine 1940-1-12_Page_434.jpg,Negative,Matches,
3603-006932-0_(2),3603-006932-0_(2).jpg,North China Magazine 1940-1-12_Page_434.jpg,Negative,Matches,
3603-006932-0_(3),3603-006932-0_(3).jpg,North China Magazine 1940-1-12_Page_434.jpg,Negative,Matches,
3603-006933-0_(1),3603-006933-0_(1).jpg,North China Magazine 1940-1-12_Page_434.jpg,Negative,Matches,
3603-006933-0_(2),3603-006933-0_(2).jpg,North China Magazine 1940-1-12_Page_434.jpg,Negative,Matches,
3603-006933-0_(3),3603-006933-0_(3).jpg,North China Magazine 1940-1-12_Page_434.jpg,Negative,Matches,
3603-006957-0,3603-006957-0.jpg,North China Magazine 1940-1-12_Page_435.jpg,Negative,Matches,
3603-006964-0,3603-006964-0.jpg,North China Magazine 1940-1-12_Page_434.jpg,Negative,Matches,
3603-006964-0,3603-006964-0.jpg,North China Magazine 1940-1-12_Page_435.jpg,Negative,Matches,
3603-006974-0,3603-006974-0.jpg,North China Magazine 1943-1-8_Page_006_(1).jpg,Negative,Matches,
3603-006976-0_(1),3603-006976-0_(1).jpg,North China Magazine 1940-1-12_Page_434.jpg,Negative,Matches,
3603-006976-0_(1),3603-006976-0_(1).jpg,North China Magazine 1940-1-12_Page_435.jpg,Negative,Matches,
3603-006976-0_(1),3603-006976-0_(1).jpg,North China Magazine 1943-1-8_Page_006_(2).jpg,Negative,Matches,
3603-006976-0_(2),3603-006976-0_(2).jpg,North China Magazine 1940-1-12_Page_434.jpg,Negative,Matches,
3603-006976-0_(2),3603-006976-0_(2).jpg,North China Magazine 1940-1-12_Page_435.jpg,Negative,Matches,
3603-006976-0_(2),3603-006976-0_(2).jpg,North China Magazine 1943-1-8_Page_006_(2).jpg,Negative,Matches,
3603-006977-0_(1),3603-006977-0_(1).jpg,North China Magazine 1940-1-12_Page_434.jpg,Negative,Matches,
3603-006977-0_(1),3603-006977-0_(1).jpg,North China Magazine 1940-1-12_Page_435.jpg,Negative,Matches,
3603-006977-0_(1),3603-006977-0_(1).jpg,North China Magazine 1943-1-8_Page_006_(2).jpg,Negative,Matches,
3603-006977-0_(2),3603-006977-0_(2).jpg,North China Magazine 1940-1-12_Page_434.jpg,Negative,Matches,
3603-006977-0_(2),3603-006977-0_(2).jpg,North China Magazine 1940-1-12_Page_435.jpg,Negative,Matches,
3603-006977-0_(2),3603-006977-0_(2).jpg,North China Magazine 1943-1-8_Page_006_(2).jpg,Negative,Matches,
3603-006978-0_(1),3603-006978-0_(1).jpg,North China Magazine 1940-1-12_Page_434.jpg,Negative,Matches,
3603-006978-0_(1),3603-006978-0_(1).jpg,North China Magazine 1940-1-12_Page_435.jpg,Negative,Matches,
3603-006978-0_(1),3603-006978-0_(1).jpg,North China Magazine 1942-1-12_Page_566_(1).jpg,Negative,Matches,
3603-006978-0_(1),3603-006978-0_(1).jpg,North China Magazine 1943-1-8_Page_006_(2).jpg,Negative,Matches,
3603-006978-0_(2),3603-006978-0_(2).jpg,North China Magazine 1940-1-12_Page_434.jpg,Negative,Matches,
3603-006978-0_(2),3603-006978-0_(2).jpg,North China Magazine 1940-1-12_Page_435.jpg,Negative,Matches,
3603-006978-0_(2),3603-006978-0_(2).jpg,North China Magazine 1942-1-12_Page_566_(1).jpg,Negative,Matches,
3603-006978-0_(2),3603-006978-0_(2).jpg,North China Magazine 1943-1-8_Page_006_(2).jpg,Negative,Matches,
3603-006979-0_(1),3603-006979-0_(1).jpg,North China Magazine 1940-1-12_Page_434.jpg,Negative,Matches,
3603-006979-0_(1),3603-006979-0_(1).jpg,North China Magazine 1940-1-12_Page_435.jpg,Negative,Matches,
3603-006979-0_(1),3603-006979-0_(1).jpg,North China Magazine 1942-1-12_Page_566_(1).jpg,Negative,Matches,
3603-006979-0_(1),3603-006979-0_(1).jpg,North China Magazine 1943-1-8_Page_006_(2).jpg,Negative,Matches,
3603-006979-0_(2),3603-006979-0_(2).jpg,North China Magazine 1940-1-12_Page_434.jpg,Negative,Matches,
3603-006979-0_(2),3603-006979-0_(2).jpg,North China Magazine 1940-1-12_Page_435.jpg,Negative,Matches,
3603-006979-0_(2),3603-006979-0_(2).jpg,North China Magazine 1942-1-12_Page_566_(1).jpg,Negative,Matches,
3603-006979-0_(2),3603-006979-0_(2).jpg,North China Magazine 1943-1-8_Page_006_(2).jpg,Negative,Matches,
3603-006980-0_(2),3603-006980-0_(2).jpg,North China Magazine 1940-1-12_Page_434.jpg,Negative,Matches,
3603-006980-0_(2),3603-006980-0_(2).jpg,North China Magazine 1943-1-8_Page_006_(2).jpg,Negative,Matches,
3603-006981-0_(2),3603-006981-0_(2).jpg,North China Magazine 1940-1-12_Page_434.jpg,Negative,Matches,
3603-006981-0_(2),3603-006981-0_(2).jpg,North China Magazine 1943-1-8_Page_006_(2).jpg,Negative,Matches,
3603-006984-0,3603-006984-0.jpg,North China Magazine 1940-1-12_Page_434.jpg,Negative,Matches,
3603-006984-0,3603-006984-0.jpg,North China Magazine 1940-1-12_Page_435.jpg,Negative,Matches,
3603-006984-0,3603-006984-0.jpg,North China Magazine 1943-1-8_Page_006_(2).jpg,Negative,Matches,
3603-006986-0,3603-006986-0.jpg,North China Magazine 1943-1-8_Page_006_(2).jpg,Negative,Matches,
3603-006999-0,3603-006999-0.jpg,North China Magazine 1943-1-8_Page_006_(1).jpg,Positive,Matches,
3603-007019-1,3603-007019-1.jpg,North China Magazine 1942-1-12_Page_566_(1).jpg,Negative,Matches,
3603-007019-2,3603-007019-2.jpg,North China Magazine 1942-1-12_Page_566_(1).jpg,Negative,Matches,
3603-007022-0,3603-007022-0.jpg,North China Magazine 1940-1-12_Page_434.jpg,Negative,Matches,
3603-007084-0,3603-007084-0.jpg,North China Magazine 1943-1-8_Page_067_(2).jpg,Positive,Matches,
3603-007099-0,3603-007099-0.jpg,North China Magazine 1941-1-12_Page_065_(3).jpg,Positive,Matches,
3603-007101-0,3603-007101-0.jpg,North China Magazine 1941-1-12_Page_064_(1).jpg,Negative,Matches,
3603-007115-0,3603-007115-0.jpg,North China Magazine 1940-1-12_Page_396_(1).jpg,Positive,Matches,
3603-007115-0,3603-007115-0.jpg,North China Magazine 1942-1-12_Page_125_(1).jpg,Positive,Matches,
3603-007120-0,3603-007120-0.jpg,North China Magazine 1942-1-12_Page_535.jpg,Negative,Matches,
3603-007127-0,3603-007127-0.jpg,North China Magazine 1939-6-12_Page_328.jpg,Negative,Matches,
3603-007128-0,3603-007128-0.jpg,North China Magazine 1939-6-12_Page_326_(1).jpg,Negative,Matches,
3603-007128-0,3603-007128-0.jpg,North China Magazine 1942-1-12_Page_543_(2).jpg,Negative,Matches,
3603-007129-0,3603-007129-0.jpg,North China Magazine 1942-1-12_Page_543_(1).jpg,Negative,Matches,
3603-007138-0,3603-007138-0.jpg,North China Magazine 1940-1-12_Page_233_(2).jpg,Positive,Matches,
3603-007154-0,3603-007154-0.jpg,North China Magazine 1939-6-12_Page_109.jpg,Negative,Matches,
3603-007155-0,3603-007155-0.jpg,North China Magazine 1939-6-12_Page_109.jpg,Negative,Matches,
3603-007156-0,3603-007156-0.jpg,North China Magazine 1939-6-12_Page_109.jpg,Negative,Matches,
3603-007223-0,3603-007223-0.jpg,North China Magazine 1941-1-12_Page_443_(3).jpg,Positive,Matches,
3603-007232-0,3603-007232-0.jpg,North China Magazine 1940-1-12_Page_233_(2).jpg,Positive,Matches,
3605-014115-0,3605-014115-0.jpg,North China Magazine 1939-6-12_Page_161_(1).jpg,Negative,Matches,
3705-025550-0,3705-025550-0.jpg,North China Magazine 1941-1-12_Page_166_(1).jpg,Positive,Matches,
3705-025550-0,3705-025550-0.jpg,North China Magazine 1941-1-12_Page_167_(1).jpg,Positive,Matches,
3801-029222-0,3801-029222-0.jpg,North China Magazine 1940-1-12_Page_499_(1).jpg,Positive,Matches,
3806-050178-0,3806-050178-0.jpg,North China Magazine 1942-1-12_Page_007_(1).jpg,Negative,Matches,
3902-000303-0_(2),3902-000303-0_(2).jpg,North China Magazine 1942-1-12_Page_012_(1).jpg,Negative,Matches,
